time,lat,lon,hMSL,velN,velE,velD,hAcc,vAcc,sAcc,heading,cAcc,gpsFix,numSV
,(deg),(deg),(m),(m/s),(m/s),(m/s),(m),(m),(m/s),(deg),(deg),,
2016-08-06T18:57:31.20Z,39.7071303,-75.0341126,624.387,2.24,-13.36,5.30,287.725,248.166,7.31,279.51687,12.83348,3,4
2016-08-06T18:57:31.40Z,39.7070820,-75.0341370,622.818,2.41,-13.08,5.42,135.344,114.012,3.28,280.44023,7.15037,3,4
2016-08-06T18:57:31.60Z,39.7071041,-75.0341739,620.986,2.56,-13.05,5.47,149.163,126.488,2.23,281.10510,5.59822,3,4
2016-08-06T18:57:31.80Z,39.7071113,-75.0341986,620.004,2.19,-13.00,5.55,137.469,116.897,2.14,279.57983,5.73134,3,4
2016-08-06T18:57:32.00Z,39.7071156,-75.0342175,619.798,2.00,-12.74,5.54,128.315,109.283,2.08,278.89978,5.89676,3,4
2016-08-06T18:57:32.20Z,39.7071386,-75.0342660,621.902,1.69,-12.87,5.72,120.885,103.038,2.01,277.45804,5.98193,3,4
2016-08-06T18:57:32.40Z,39.7071605,-75.0343172,622.735,1.69,-12.52,5.83,114.659,97.779,1.95,277.69163,6.09160,3,4
2016-08-06T18:57:32.60Z,39.7071703,-75.0343521,621.653,1.77,-12.39,5.96,109.340,93.270,1.90,278.10785,6.07478,3,4
2016-08-06T18:57:32.80Z,39.7071833,-75.0343938,621.125,1.77,-12.34,6.10,104.972,89.472,1.88,278.16202,6.07960,3,4
2016-08-06T18:57:33.00Z,39.7071890,-75.0344274,620.302,1.94,-12.52,6.03,101.081,86.106,1.91,278.79616,5.90352,3,4
2016-08-06T18:57:33.20Z,39.7071911,-75.0344460,618.791,1.78,-12.22,6.10,97.380,82.789,1.87,278.29628,6.23047,3,4
2016-08-06T18:57:33.40Z,39.7071825,-75.0344350,614.292,1.44,-12.05,6.29,93.864,79.735,1.79,276.80188,6.46736,3,4
2016-08-06T18:57:33.60Z,39.7071763,-75.0344359,610.772,1.38,-12.01,6.32,90.933,77.142,1.81,276.56570,6.77251,3,4
2016-08-06T18:57:33.80Z,39.7071735,-75.0344524,608.612,1.50,-11.99,6.37,88.270,74.799,1.81,277.13760,6.72348,3,4
2016-08-06T18:57:34.00Z,39.7071719,-75.0344725,606.562,1.70,-12.19,6.38,86.042,72.754,1.87,277.94998,6.58058,3,4
2016-08-06T18:57:34.20Z,39.7071681,-75.0344965,604.573,2.30,-12.63,6.42,84.120,71.055,1.93,280.30086,6.11387,3,4
2016-08-06T18:57:34.40Z,39.7071643,-75.0345180,602.445,1.80,-12.47,6.22,82.422,69.526,1.95,278.20615,6.53294,3,4
2016-08-06T18:57:34.60Z,39.7071645,-75.0345500,601.300,2.04,-12.72,6.18,80.837,68.100,2.00,279.09270,6.45799,3,4
2016-08-06T18:57:34.80Z,39.7071640,-75.0345788,599.929,2.08,-12.69,6.04,79.415,66.803,2.01,279.31239,6.46859,3,4
2016-08-06T18:57:35.00Z,39.7071646,-75.0346050,598.302,2.56,-12.71,5.98,78.078,65.588,2.04,281.39499,6.26319,3,4
2016-08-06T18:57:35.20Z,39.7071686,-75.0346375,597.388,2.45,-12.45,5.81,76.874,64.476,2.08,281.14007,6.71809,3,4
2016-08-06T18:57:35.40Z,39.7071784,-75.0346787,597.345,2.29,-12.80,5.96,75.732,63.427,2.08,280.15140,6.67322,3,4
2016-08-06T18:57:35.60Z,39.7071825,-75.0347051,596.029,2.42,-12.67,5.94,74.639,62.432,2.05,280.81646,6.37193,3,4
2016-08-06T18:57:35.80Z,39.7071868,-75.0347321,594.648,2.41,-12.65,6.03,73.599,61.489,2.03,280.76791,6.34938,3,4
2016-08-06T18:57:36.00Z,39.7071921,-75.0347588,593.404,2.92,-12.01,5.77,72.613,60.556,2.20,283.65666,7.93172,3,4
2016-08-06T18:57:36.20Z,39.7071925,-75.0347779,591.211,2.33,-12.20,5.97,71.614,59.644,2.23,280.79522,8.47007,3,4
2016-08-06T18:57:36.40Z,39.7071954,-75.0348107,590.130,1.52,-12.95,6.39,70.593,58.691,2.31,276.67445,8.68308,3,4
2016-08-06T18:57:36.60Z,39.7072038,-75.0348488,589.907,2.32,-12.15,6.21,69.581,57.768,2.27,280.82433,9.33069,3,4
2016-08-06T18:57:36.80Z,39.7072085,-75.0348799,588.865,2.06,-12.70,6.31,68.560,56.860,2.23,279.19448,8.59738,3,4
2016-08-06T18:57:37.00Z,39.7072132,-75.0349060,587.694,2.17,-12.32,6.32,67.608,56.025,2.06,279.97539,7.75838,3,4
2016-08-06T18:57:37.20Z,39.7072177,-75.0349363,586.753,1.97,-12.37,6.30,66.764,55.300,2.00,279.06094,7.31504,3,4
2016-08-06T18:57:37.40Z,39.7072197,-75.0349629,585.280,1.74,-12.61,6.28,65.909,54.578,1.92,277.86965,6.90629,3,4
2016-08-06T18:57:37.60Z,39.7072213,-75.0349897,584.025,1.44,-12.44,6.37,64.991,53.826,1.82,276.61987,6.80635,3,4
2016-08-06T18:57:37.80Z,39.7072271,-75.0350294,584.012,1.31,-12.41,6.42,64.105,53.101,1.77,276.02544,6.74794,3,4
2016-08-06T18:57:38.00Z,39.7072261,-75.0350538,582.350,1.02,-12.38,6.48,63.153,52.346,1.70,274.71218,6.71609,3,4
2016-08-06T18:57:38.20Z,39.7072299,-75.0350909,581.830,0.82,-12.21,6.58,62.255,51.635,1.67,273.84861,6.97168,3,4
2016-08-06T18:57:38.40Z,39.7072305,-75.0351197,580.413,0.58,-12.62,6.77,61.392,50.945,1.64,272.61275,6.77679,3,4
2016-08-06T18:57:38.60Z,39.7072299,-75.0351475,578.786,0.18,-12.38,6.98,60.572,50.291,1.62,270.83312,7.30457,3,4
2016-08-06T18:57:38.80Z,39.7072293,-75.0351763,577.210,-0.10,-12.40,7.07,59.723,49.583,1.60,269.55271,7.42370,3,4
2016-08-06T18:57:39.00Z,39.7072283,-75.0352047,575.662,-0.51,-12.40,7.10,58.964,48.972,1.56,267.66564,7.52176,3,4
2016-08-06T18:57:39.20Z,39.7072274,-75.0352310,573.846,0.16,-12.62,7.21,58.244,48.387,1.60,270.73299,7.22811,3,4
2016-08-06T18:57:39.40Z,39.7072263,-75.0352619,572.442,-0.71,-12.32,7.25,57.666,47.893,1.64,266.69748,7.82930,3,4
2016-08-06T18:57:39.60Z,39.7072235,-75.0352883,570.744,-0.88,-12.19,7.17,57.107,47.415,1.68,265.85820,7.98002,3,4
2016-08-06T18:57:39.80Z,39.7072197,-75.0353118,568.782,-1.14,-12.15,7.27,56.567,46.952,1.68,264.62445,8.11287,3,4
2016-08-06T18:57:40.00Z,39.7072190,-75.0353477,567.719,-1.46,-12.51,7.45,56.120,46.550,1.72,263.34209,7.99834,3,4
2016-08-06T18:57:40.20Z,39.7072145,-75.0353739,566.031,-1.89,-12.19,7.36,55.717,46.179,1.74,261.16509,8.40424,3,4
2016-08-06T18:57:40.40Z,39.7072087,-75.0353976,564.040,-2.34,-12.32,7.45,55.278,45.784,1.68,259.25464,8.44866,3,4
2016-08-06T18:57:40.60Z,39.7072053,-75.0354286,562.610,-2.37,-12.41,7.39,54.881,45.419,1.69,259.18801,8.40885,3,4
2016-08-06T18:57:40.80Z,39.7072012,-75.0354600,561.447,-2.65,-12.29,7.28,54.473,45.051,1.64,257.83486,8.61294,3,4
2016-08-06T18:57:41.00Z,39.7071956,-75.0354890,560.161,-3.48,-11.59,7.35,54.076,44.695,1.56,253.29153,9.47453,3,4
2016-08-06T18:57:41.20Z,39.7071843,-75.0355048,558.137,-5.28,-10.46,7.08,53.696,44.352,1.48,243.22037,11.21295,3,4
2016-08-06T18:57:41.40Z,39.7071778,-75.0355364,556.970,-4.57,-11.21,7.28,53.354,44.033,1.53,247.81378,11.88203,3,4
2016-08-06T18:57:41.60Z,39.7071731,-75.0355708,555.991,-3.75,-11.47,7.20,53.023,43.723,1.59,251.87922,11.93421,3,4
2016-08-06T18:57:41.80Z,39.7071661,-75.0355916,553.873,-3.13,-11.69,7.43,52.732,43.446,1.69,255.01635,11.36265,3,4
2016-08-06T18:57:42.00Z,39.7071593,-75.0356170,551.785,-3.27,-11.81,8.15,52.394,43.145,1.60,254.49936,9.93681,3,4
2016-08-06T18:57:42.20Z,39.7071519,-75.0356404,549.449,-3.21,-11.72,8.92,52.035,42.836,1.53,254.70873,9.40759,3,4
2016-08-06T18:57:42.40Z,39.7071435,-75.0356623,546.782,-3.38,-11.80,9.56,51.652,42.516,1.43,254.00430,9.15958,3,4
2016-08-06T18:57:42.60Z,39.7071391,-75.0356950,544.925,-3.54,-12.24,10.18,51.192,42.130,1.37,253.86006,8.79637,3,4
2016-08-06T18:57:42.80Z,39.7071328,-75.0357246,542.719,-3.73,-12.35,10.70,50.742,41.755,1.35,253.18711,8.72261,3,4
2016-08-06T18:57:43.00Z,39.7071259,-75.0357490,540.093,-3.39,-12.27,11.04,50.250,41.358,1.30,254.53003,8.50094,3,4
2016-08-06T18:57:43.20Z,39.7071199,-75.0357792,537.750,-3.70,-12.43,11.64,49.777,40.976,1.29,253.43301,8.55966,3,4
2016-08-06T18:57:43.40Z,39.7071136,-75.0358128,535.538,-4.07,-13.10,12.02,49.302,40.617,1.31,252.74418,8.14467,3,4
2016-08-06T18:57:43.60Z,39.7071056,-75.0358437,532.976,-4.41,-13.34,12.36,48.846,40.271,1.31,251.73181,8.15276,3,4
2016-08-06T18:57:43.80Z,39.7070981,-75.0358805,530.835,-5.35,-13.64,12.55,48.429,39.965,1.32,248.57875,8.04852,3,4
2016-08-06T18:57:44.00Z,39.7070880,-75.0359122,528.133,-5.87,-13.90,13.09,48.002,39.640,1.31,247.12429,7.88861,3,4
2016-08-06T18:57:44.20Z,39.7070794,-75.0359492,525.951,-5.90,-13.73,12.99,47.590,39.326,1.31,246.75324,7.96267,3,4
2016-08-06T18:57:44.40Z,39.7070709,-75.0359875,523.889,-6.16,-14.18,13.08,47.235,39.048,1.33,246.51891,7.68457,3,4
2016-08-06T18:57:44.60Z,39.7070670,-75.0360472,522.863,-6.68,-15.63,13.55,46.898,38.783,1.35,246.83811,7.00588,3,4
2016-08-06T18:57:44.80Z,39.7070564,-75.0360864,520.485,-6.53,-15.79,12.92,46.688,38.593,1.49,247.51268,6.89364,3,4
2016-08-06T18:57:45.00Z,39.7070458,-75.0361262,518.184,-6.52,-15.88,12.76,46.439,38.380,1.49,247.67683,6.85637,3,4
2016-08-06T18:57:45.20Z,39.7070340,-75.0361640,515.731,-6.71,-15.96,12.56,46.172,38.141,1.48,247.18477,6.84282,3,4
2016-08-06T18:57:45.40Z,39.7070222,-75.0362034,513.441,-7.02,-16.15,12.38,45.914,37.909,1.49,246.49749,6.78200,3,4
2016-08-06T18:57:45.60Z,39.7070118,-75.0362485,511.699,-7.07,-16.33,11.94,45.682,37.690,1.46,246.58813,6.81803,3,4
2016-08-06T18:57:45.80Z,39.7069977,-75.0362844,509.149,-7.25,-16.47,11.60,45.480,37.508,1.47,246.25411,6.78180,3,4
2016-08-06T18:57:46.00Z,39.7069846,-75.0363249,507.018,-7.91,-16.60,11.35,45.306,37.344,1.48,244.53262,6.74704,3,4
2016-08-06T18:57:46.20Z,39.7069667,-75.0363545,504.118,-8.29,-16.14,10.91,45.157,37.195,1.51,242.82502,8.01410,3,4
2016-08-06T18:57:46.40Z,39.7069480,-75.0363830,501.279,-8.62,-15.79,10.71,44.997,37.038,1.48,241.36317,8.46629,3,4
2016-08-06T18:57:46.60Z,39.7069329,-75.0364232,499.419,-9.15,-15.61,10.69,44.825,36.875,1.46,239.61019,8.60015,3,4
2016-08-06T18:57:46.80Z,39.7069169,-75.0364606,497.229,-9.02,-15.68,10.80,44.677,36.727,1.46,240.09064,8.71914,3,4
2016-08-06T18:57:47.00Z,39.7069028,-75.0365030,495.378,-9.03,-15.87,10.95,44.492,36.559,1.44,240.34867,8.66675,3,4
2016-08-06T18:57:47.20Z,39.7068899,-75.0365507,493.793,-9.05,-16.04,11.24,44.279,36.376,1.40,240.56770,8.58836,3,4
2016-08-06T18:57:47.40Z,39.7068740,-75.0365943,492.142,-9.88,-15.50,11.32,44.080,36.192,1.33,237.48025,9.91210,3,4
2016-08-06T18:57:47.60Z,39.7068523,-75.0366291,490.315,-11.37,-14.31,11.00,43.873,36.011,1.31,231.53399,9.16720,3,4
2016-08-06T18:57:47.80Z,39.7068328,-75.0366747,489.285,-12.57,-13.80,10.98,43.687,35.836,1.33,227.66791,9.90120,3,4
2016-08-06T18:57:48.00Z,39.7068080,-75.0367040,487.154,-12.91,-13.03,10.79,43.554,35.705,1.38,225.26991,10.49561,3,4
2016-08-06T18:57:48.20Z,39.7067811,-75.0367366,485.567,-14.46,-12.52,10.39,43.418,35.576,1.43,220.89178,9.58774,3,4
2016-08-06T18:57:48.40Z,39.7067587,-75.0367757,484.173,-14.20,-12.61,10.38,43.315,35.468,1.48,221.60793,9.68260,3,4
2016-08-06T18:57:48.60Z,39.7067346,-75.0368070,482.321,-13.74,-12.57,10.17,43.218,35.363,1.49,222.46758,9.87664,3,4
2016-08-06T18:57:48.80Z,39.7067096,-75.0368326,480.094,-13.43,-12.51,9.97,43.092,35.230,1.48,222.95732,10.02675,3,4
2016-08-06T18:57:49.00Z,39.7066842,-75.0368631,478.528,-14.09,-12.07,9.73,42.940,35.077,1.49,220.59576,10.34867,3,4
2016-08-06T18:57:49.20Z,39.7066578,-75.0368912,476.749,-14.60,-11.70,9.74,42.767,34.909,1.44,218.70083,10.44035,3,4
2016-08-06T18:57:49.40Z,39.7066309,-75.0369181,474.984,-14.85,-11.36,9.51,42.550,34.721,1.39,217.42369,9.89403,3,4
2016-08-06T18:57:49.60Z,39.7066028,-75.0369408,472.746,-15.16,-11.33,9.54,42.337,34.538,1.39,216.76905,9.57307,3,4
2016-08-06T18:57:49.80Z,39.7065721,-75.0369598,470.539,-15.63,-10.70,9.47,42.133,34.360,1.45,214.40062,9.58052,3,4
2016-08-06T18:57:50.00Z,39.7065426,-75.0369802,468.601,-15.98,-10.38,9.22,41.934,34.185,1.48,213.02147,9.50238,3,4
2016-08-06T18:57:50.20Z,39.7065129,-75.0370004,466.777,-16.11,-10.05,8.79,41.752,34.008,1.52,211.95482,9.50030,3,4
2016-08-06T18:57:50.40Z,39.7064829,-75.0370199,464.885,-16.22,-9.68,8.83,41.592,33.859,1.54,210.82136,9.47869,3,4
2016-08-06T18:57:50.60Z,39.7064523,-75.0370413,463.585,-16.85,-9.09,8.33,41.437,33.714,1.60,208.36228,9.25925,3,4
2016-08-06T18:57:50.80Z,39.7064176,-75.0370512,461.292,-17.10,-8.47,8.20,41.256,33.554,1.64,206.33382,9.20044,3,4
2016-08-06T18:57:51.00Z,39.7063864,-75.0370702,459.689,-17.20,-7.99,8.26,41.079,33.401,1.69,204.91456,9.09809,3,4
2016-08-06T18:57:51.20Z,39.7063566,-75.0370882,457.832,-16.84,-7.85,8.49,40.869,33.230,1.66,204.98040,9.11637,3,4
2016-08-06T18:57:51.40Z,39.7063259,-75.0371023,455.584,-16.54,-7.71,9.04,40.668,33.069,1.68,205.00813,9.21749,3,4
2016-08-06T18:57:51.60Z,39.7062999,-75.0371260,454.124,-15.91,-7.56,9.25,40.477,32.912,1.68,205.41297,9.62785,3,4
2016-08-06T18:57:51.80Z,39.7062725,-75.0371426,452.123,-15.31,-7.43,9.21,40.291,32.759,1.67,205.87581,9.99334,3,4
2016-08-06T18:57:52.00Z,39.7062470,-75.0371610,450.307,-14.68,-6.85,9.40,40.148,32.632,1.73,205.01777,10.57425,3,4
2016-08-06T18:57:52.20Z,39.7062245,-75.0371871,449.133,-14.44,-6.83,9.46,40.011,32.508,1.72,205.32077,10.77346,3,4
2016-08-06T18:57:52.40Z,39.7061972,-75.0372043,447.503,-15.07,-6.04,9.73,39.902,32.389,1.93,201.83019,11.40752,3,4
2016-08-06T18:57:52.60Z,39.7061680,-75.0372162,445.646,-15.54,-5.22,9.70,39.813,32.274,2.12,198.57118,11.66056,3,4
2016-08-06T18:57:52.80Z,39.7061370,-75.0372245,443.658,-15.97,-4.37,9.66,39.712,32.144,2.28,195.31016,11.63711,3,4
2016-08-06T18:57:53.00Z,39.7061060,-75.0372291,441.501,-16.12,-3.35,9.85,39.627,32.018,2.45,191.73446,11.56847,3,4
2016-08-06T18:57:53.20Z,39.7060750,-75.0372374,439.727,-16.74,-3.06,9.83,39.581,31.913,2.56,190.35261,11.19687,3,4
2016-08-06T18:57:53.40Z,39.7060437,-75.0372380,437.408,-16.36,-2.75,9.66,39.575,31.836,2.73,189.52881,11.49750,3,4
2016-08-06T18:57:53.60Z,39.7060135,-75.0372392,435.328,-15.99,-2.25,9.48,39.605,31.791,2.85,188.00276,11.74612,3,4
2016-08-06T18:57:53.80Z,39.7059827,-75.0372393,433.109,-16.03,-1.89,9.60,39.645,31.751,2.92,186.73029,11.65037,3,4
2016-08-06T18:58:00.40Z,39.7053063,-75.0366869,396.707,-1.87,13.67,7.01,99.402,66.315,4.49,97.77607,16.31505,3,4
2016-08-06T18:58:00.60Z,39.7052456,-75.0365713,396.658,-0.84,14.89,7.22,87.471,62.990,3.82,93.21643,11.58688,3,4
2016-08-06T18:58:00.80Z,39.7052021,-75.0364721,394.287,-0.35,15.86,7.55,81.152,61.257,3.67,91.26038,10.11571,3,4
2016-08-06T18:58:01.00Z,39.7051719,-75.0363839,390.943,-0.46,16.37,7.48,76.954,60.106,3.61,91.60865,9.36057,3,4
2016-08-06T18:58:01.20Z,39.7051534,-75.0363104,386.968,0.41,16.57,7.71,74.295,59.308,3.63,88.57889,10.09116,3,4
2016-08-06T18:58:01.40Z,39.7051365,-75.0362367,383.207,1.84,16.44,7.97,72.065,58.660,3.49,83.59922,9.84627,3,4
2016-08-06T18:58:02.80Z,39.7051701,-75.0359158,371.994,6.43,17.65,7.22,65.178,56.863,3.18,69.97975,10.05857,3,4
2016-08-06T18:58:03.00Z,39.7051618,-75.0358654,368.232,6.06,18.02,7.21,63.556,55.560,3.02,71.42702,8.87643,3,4
2016-08-06T18:58:03.20Z,39.7051478,-75.0358001,361.594,6.66,18.49,8.63,61.574,53.686,2.92,70.20250,7.91468,3,4
2016-08-06T18:58:03.40Z,39.7051555,-75.0357682,359.516,7.01,18.89,9.58,60.067,52.237,2.87,69.63841,7.67273,3,4
2016-08-06T18:58:03.60Z,39.7051700,-75.0357308,357.650,8.00,18.37,10.37,59.420,51.854,2.96,66.45256,8.11911,3,4
2016-08-06T18:58:03.80Z,39.7051936,-75.0357183,357.932,8.01,16.70,10.29,58.864,51.521,2.95,64.37720,8.94965,3,4
2016-08-06T18:58:04.00Z,39.7052103,-75.0356854,356.002,8.42,16.42,11.27,58.428,51.290,3.08,62.85526,9.16873,3,4
2016-08-06T18:58:04.20Z,39.7052232,-75.0356357,352.575,9.29,16.57,11.90,58.082,51.123,3.17,60.71949,9.02806,3,4
2016-08-06T18:58:04.40Z,39.7052395,-75.0355950,349.386,9.04,15.99,13.28,57.800,51.000,3.28,60.53266,9.49793,3,4
2016-08-06T18:58:04.60Z,39.7052533,-75.0355539,346.423,8.07,16.05,13.50,57.588,50.898,3.40,63.31944,10.97001,3,4
2016-08-06T18:58:04.80Z,39.7052605,-75.0355046,342.724,7.11,16.01,13.80,57.419,50.833,3.59,66.04679,12.02871,3,4
2016-08-06T18:58:05.00Z,39.7052672,-75.0354595,338.996,6.41,15.55,14.22,57.238,50.763,3.57,67.58786,11.49871,3,4
2016-08-06T18:58:05.20Z,39.7052690,-75.0354133,334.541,5.23,14.27,14.60,57.077,50.709,3.58,69.85800,12.39149,3,4
2016-08-06T18:58:05.40Z,39.7052679,-75.0353605,329.259,4.61,13.71,15.17,56.924,50.664,3.59,71.42160,12.89210,3,4
2016-08-06T18:58:07.00Z,39.7053875,-75.0350012,294.657,15.06,13.65,21.00,55.668,50.939,2.95,42.19307,8.26818,3,4
2016-08-06T18:58:07.20Z,39.7053961,-75.0349445,287.002,16.25,12.50,22.21,54.872,50.287,2.52,37.55633,8.04821,3,4
2016-08-06T18:58:07.40Z,39.7053935,-75.0348774,277.478,16.84,10.55,23.67,53.872,49.347,2.35,32.07675,8.29820,3,4
2016-08-06T18:58:07.60Z,39.7053968,-75.0348296,269.301,16.72,8.04,25.16,52.951,48.465,2.21,25.68088,8.86855,3,4
2016-08-06T18:58:07.80Z,39.7054098,-75.0347932,262.277,16.18,5.59,26.33,52.132,47.686,2.10,19.04871,9.49273,3,4
2016-08-06T18:58:08.00Z,39.7054257,-75.0347658,255.412,15.25,2.87,27.36,51.351,46.922,1.99,10.65157,10.20271,3,4
2016-08-06T18:58:08.20Z,39.7054314,-75.0347100,245.554,14.32,1.69,28.16,50.739,46.286,1.96,6.73818,11.07190,3,4
2016-08-06T18:58:08.40Z,39.7054355,-75.0346608,235.534,11.98,-0.52,29.69,50.251,45.751,1.95,357.49960,13.12929,3,4
2016-08-06T18:58:08.60Z,39.7054428,-75.0346318,226.628,9.57,-2.10,30.99,49.832,45.268,1.96,347.64180,15.36693,3,4
2016-08-06T18:58:08.80Z,39.7054523,-75.0346266,219.434,6.69,-4.17,31.77,49.473,44.836,1.94,328.09824,15.90666,3,4
2016-08-06T18:58:09.00Z,39.7054623,-75.0346400,213.156,3.92,-6.60,32.52,49.154,44.437,1.90,300.68335,11.48072,3,4
2016-08-06T18:58:09.20Z,39.7054701,-75.0346667,207.750,0.72,-8.57,32.72,48.797,44.023,1.87,274.79216,10.64663,3,4
2016-08-06T18:58:09.40Z,39.7054694,-75.0346864,201.535,-1.69,-10.08,32.84,48.511,43.677,1.88,260.49974,12.95842,3,4
2016-08-06T18:58:09.60Z,39.7054641,-75.0347110,195.307,-3.86,-11.67,32.89,48.250,43.358,1.85,251.69619,12.30556,3,4
2016-08-06T18:58:09.80Z,39.7054624,-75.0347580,190.950,-5.42,-13.05,32.23,48.060,43.122,1.83,247.44160,11.21019,3,4
2016-08-06T18:58:10.00Z,39.7054545,-75.0347978,185.140,-5.78,-14.51,32.43,48.035,43.070,2.00,248.27762,11.60732,3,4
2016-08-06T18:58:10.20Z,39.7054430,-75.0348387,178.822,-6.57,-16.56,32.73,48.044,43.048,2.13,248.35151,10.93138,3,4
2016-08-06T18:58:10.40Z,39.7054274,-75.0348723,171.538,-6.92,-17.72,33.12,48.089,43.066,2.23,248.67594,10.58096,3,4
2016-08-06T18:58:10.60Z,39.7054116,-75.0349145,164.524,-7.63,-19.03,33.57,48.120,43.069,2.24,248.16153,10.01025,3,4
2016-08-06T18:58:10.80Z,39.7053942,-75.0349502,156.874,-7.77,-19.51,34.01,48.161,43.091,2.28,248.27732,9.85406,3,4
2016-08-06T18:58:11.00Z,39.7053753,-75.0349816,148.319,-7.91,-19.60,35.16,48.178,43.095,2.22,248.02926,9.83200,3,4
2016-08-06T18:58:11.20Z,39.7053521,-75.0349862,137.470,-7.01,-18.63,36.62,48.200,43.115,2.28,249.36768,10.77273,3,4
2016-08-06T18:58:11.40Z,39.7053285,-75.0349795,125.752,-5.80,-17.45,37.76,48.218,43.130,2.41,251.61306,12.00828,3,4
2016-08-06T18:58:18.80Z,39.7059236,-75.0350257,-40.412,18.83,7.69,8.23,77.052,57.474,3.38,22.22151,16.12205,3,4
2016-08-06T18:58:19.00Z,39.7060340,-75.0349007,-31.180,18.42,9.11,6.57,73.304,56.101,2.56,26.32117,13.97880,3,4
2016-08-06T18:58:19.20Z,39.7061893,-75.0350184,-9.069,17.89,7.72,3.96,45.604,37.102,2.17,23.34796,7.32894,3,6
2016-08-06T18:58:19.40Z,39.7062849,-75.0350195,1.164,17.01,7.63,2.31,37.578,31.173,2.01,24.16732,6.56562,3,6
2016-08-06T18:58:19.60Z,39.7063664,-75.0350142,7.794,15.98,7.41,1.82,34.156,28.616,1.85,24.86248,6.45630,3,6
2016-08-06T18:58:19.80Z,39.7064313,-75.0350023,12.310,15.84,7.86,1.62,31.807,26.943,1.82,26.38201,6.37949,3,6
2016-08-06T18:58:20.00Z,39.7064875,-75.0349819,15.207,14.62,7.23,1.39,29.862,25.526,1.80,26.31577,6.76121,3,6
2016-08-06T18:58:20.20Z,39.7065418,-75.0349679,17.891,14.36,6.88,1.43,28.257,24.320,1.78,25.60244,6.78389,3,6
2016-08-06T18:58:20.40Z,39.7066530,-75.0349986,24.838,13.48,6.32,1.65,22.209,21.242,1.22,25.10866,4.63357,3,7
2016-08-06T18:58:20.60Z,39.7067066,-75.0349932,27.946,12.75,5.79,1.65,19.312,19.682,1.23,24.42845,4.92151,3,7
2016-08-06T18:58:20.80Z,39.7067433,-75.0349778,29.373,11.96,5.49,1.66,17.458,18.558,1.19,24.64560,5.05314,3,7
2016-08-06T18:58:21.00Z,39.7067773,-75.0349652,30.876,11.48,4.56,1.76,16.114,17.664,1.18,21.68228,5.41516,3,7
2016-08-06T18:58:21.20Z,39.7068047,-75.0349523,31.648,9.67,4.13,1.35,15.055,16.908,1.16,23.13865,6.21378,3,7
2016-08-06T18:58:21.40Z,39.7068292,-75.0349338,32.657,8.76,3.50,1.44,14.118,16.162,1.12,21.75350,6.51752,3,7
2016-08-06T18:58:21.60Z,39.7068532,-75.0349210,33.371,7.83,3.33,1.96,13.299,15.531,1.11,23.06291,7.12003,3,7
2016-08-06T18:58:21.80Z,39.7068720,-75.0349107,33.579,7.61,3.29,1.51,12.700,15.086,1.19,23.37897,8.15543,3,7
2016-08-06T18:58:22.00Z,39.7068869,-75.0349015,34.071,5.80,3.48,1.09,12.205,14.714,1.24,26.29279,10.38208,3,7
2016-08-06T18:58:22.20Z,39.7068971,-75.0348938,34.744,5.29,3.08,0.74,11.779,14.380,1.22,28.07045,11.45076,3,7
2016-08-06T18:58:22.40Z,39.7069062,-75.0348862,34.901,4.40,2.54,0.82,11.409,14.083,1.26,28.83794,14.21119,3,7
2016-08-06T18:58:22.60Z,39.7069124,-75.0348798,35.319,2.12,2.03,0.12,11.080,13.809,1.31,32.90809,23.14255,3,7
2016-08-06T18:58:22.80Z,39.7069178,-75.0348757,35.670,0.95,1.48,-0.33,10.793,13.632,1.32,39.90086,36.58770,3,6
2016-08-06T18:58:23.00Z,39.7069233,-75.0348722,35.991,1.28,1.22,-0.05,10.533,13.469,1.25,41.66850,38.34065,3,6
2016-08-06T18:58:23.20Z,39.7069280,-75.0348713,36.089,0.55,1.08,0.27,10.292,13.310,1.23,41.66850,38.34356,3,6
2016-08-06T18:58:23.40Z,39.7069302,-75.0348688,36.249,-0.12,1.11,1.05,10.065,13.139,1.13,41.66850,38.34716,3,6
2016-08-06T18:58:23.60Z,39.7069313,-75.0348664,36.639,0.17,0.36,0.78,9.850,12.970,1.14,41.66850,38.34983,3,6
2016-08-06T18:58:23.80Z,39.7069335,-75.0348634,36.987,0.50,0.88,0.92,9.668,12.811,1.13,41.66850,38.35305,3,6
2016-08-06T18:58:24.00Z,39.7069353,-75.0348606,37.131,0.64,0.83,1.10,9.496,12.659,1.13,41.66850,38.35662,3,6
2016-08-06T18:58:24.20Z,39.7069372,-75.0348582,37.234,1.05,0.56,0.44,9.354,12.516,1.36,41.66850,38.35981,3,6
2016-08-06T18:58:24.40Z,39.7069383,-75.0348545,37.348,0.26,0.67,0.83,9.247,12.385,1.07,41.66850,38.36238,3,6
2016-08-06T18:58:24.60Z,39.7069397,-75.0348506,37.308,0.30,0.62,0.92,9.141,12.249,1.09,41.66850,38.36508,3,6
2016-08-06T18:58:24.80Z,39.7069395,-75.0348452,37.549,-0.21,0.64,0.81,9.034,12.117,1.08,41.66850,38.36762,3,6
2016-08-06T18:58:25.00Z,39.7069369,-75.0348384,37.680,-1.22,1.15,0.85,8.928,11.988,1.48,92.26137,35.96046,3,6
2016-08-06T18:58:25.20Z,39.7069364,-75.0348335,37.561,-0.41,0.92,0.76,8.844,11.857,1.30,92.26137,35.96371,3,6
2016-08-06T18:58:25.40Z,39.7069338,-75.0348277,38.341,-0.56,0.80,0.48,8.629,11.459,1.28,92.26137,35.96690,3,6
2016-08-06T18:58:25.60Z,39.7069337,-75.0348219,38.970,-0.20,1.13,1.03,8.462,11.199,0.89,92.26137,35.97076,3,6
2016-08-06T18:58:25.80Z,39.7069317,-75.0348166,39.748,-0.04,0.88,0.43,8.241,10.825,0.77,92.26137,35.97320,3,7
2016-08-06T18:58:26.00Z,39.7069282,-75.0348140,39.726,-0.32,0.74,0.37,7.996,10.335,0.81,92.26137,35.97543,3,7
2016-08-06T18:58:26.20Z,39.7069231,-75.0348108,40.589,-0.39,0.71,0.67,7.694,9.853,0.69,92.26137,35.97806,3,7
2016-08-06T18:58:26.40Z,39.7069244,-75.0348032,39.938,-0.64,0.74,0.37,7.348,9.182,0.75,113.71333,32.14526,3,7
2016-08-06T18:58:26.60Z,39.7069246,-75.0347972,39.625,-0.47,1.01,0.06,7.059,8.692,0.70,114.28649,33.06432,3,7
2016-08-06T18:58:26.80Z,39.7069246,-75.0347933,39.686,-0.15,1.21,0.45,6.784,8.254,0.57,105.35802,31.90927,3,7
2016-08-06T18:58:27.00Z,39.7069262,-75.0347900,40.501,0.05,1.14,0.03,6.520,7.876,0.52,97.08496,34.66435,3,7
2016-08-06T18:58:27.20Z,39.7069272,-75.0347854,41.208,-0.23,1.04,0.03,6.276,7.499,0.57,99.85883,34.39219,3,7
2016-08-06T18:58:27.40Z,39.7069268,-75.0347821,41.293,-0.35,0.83,0.27,6.075,7.185,0.61,105.81426,38.07455,3,7
2016-08-06T18:58:27.60Z,39.7069240,-75.0347811,41.814,-0.45,0.87,0.37,5.886,6.908,0.60,112.23006,33.84617,3,7
2016-08-06T18:58:27.80Z,39.7069204,-75.0347790,42.291,-0.71,1.10,-0.08,5.722,6.673,0.69,119.36156,24.27931,3,7
2016-08-06T18:58:28.00Z,39.7069175,-75.0347777,42.795,-0.50,0.86,0.18,5.570,6.455,0.65,119.67289,32.26081,3,7
2016-08-06T18:58:28.20Z,39.7069157,-75.0347764,43.205,-0.34,1.01,0.37,5.427,6.228,0.57,114.41943,32.95441,3,7
2016-08-06T18:58:28.40Z,39.7069158,-75.0347738,43.443,-0.29,0.94,-0.08,5.286,6.023,0.59,111.02383,35.30172,3,7
2016-08-06T18:58:28.60Z,39.7069159,-75.0347721,43.627,-0.22,0.81,0.12,5.147,5.809,0.55,108.51023,40.75922,3,7
2016-08-06T18:58:28.80Z,39.7069160,-75.0347700,43.742,-0.53,0.78,0.11,5.024,5.644,0.65,118.37095,30.48210,3,7
2016-08-06T18:58:29.00Z,39.7069144,-75.0347672,43.277,-0.66,0.79,-0.11,4.862,5.431,0.64,125.71189,23.12771,3,7
2016-08-06T18:58:29.20Z,39.7069135,-75.0347659,43.031,-0.42,0.94,-0.07,4.725,5.273,0.57,121.20818,29.60954,3,7
2016-08-06T18:58:29.40Z,39.7069127,-75.0347629,42.832,0.06,0.71,0.43,4.467,5.161,0.49,106.75901,36.34036,3,7
2016-08-06T18:58:29.60Z,39.7069140,-75.0347619,42.737,0.33,1.02,0.00,4.255,5.038,0.47,82.94146,24.32813,3,7
2016-08-06T18:58:29.80Z,39.7069142,-75.0347613,42.900,0.02,0.69,0.00,4.077,4.927,0.47,84.47767,37.29858,3,7
2016-08-06T18:58:30.00Z,39.7069153,-75.0347611,43.032,0.10,0.80,0.08,3.910,4.808,0.50,83.66663,31.31368,3,7
2016-08-06T18:58:30.20Z,39.7069151,-75.0347589,43.041,-0.14,1.32,0.15,3.771,4.708,0.48,92.38071,19.84113,3,7
2016-08-06T18:58:30.40Z,39.7069171,-75.0347548,42.539,-0.30,0.81,-0.14,3.667,4.534,0.51,97.65561,30.61100,3,7
2016-08-06T18:58:30.60Z,39.7069170,-75.0347524,42.401,-0.92,0.99,0.33,3.582,4.397,0.61,123.34356,18.67851,3,7
2016-08-06T18:58:30.80Z,39.7069155,-75.0347494,42.330,-0.87,0.77,0.40,3.507,4.276,0.59,130.09853,20.72663,3,7
2016-08-06T18:58:31.00Z,39.7069149,-75.0347462,42.071,-0.72,0.84,0.22,3.443,4.180,0.62,130.33435,24.20304,3,7
2016-08-06T18:58:31.20Z,39.7069125,-75.0347429,42.119,-0.42,0.82,0.15,3.364,4.088,0.53,124.71748,28.08719,3,7
2016-08-06T18:58:31.40Z,39.7069111,-75.0347402,42.136,-0.22,0.78,0.13,3.271,3.974,0.47,116.66508,32.48894,3,7
2016-08-06T18:58:31.60Z,39.7069103,-75.0347381,42.126,-0.25,0.66,0.14,3.214,3.895,0.50,114.56054,44.36046,3,7
2016-08-06T18:58:31.80Z,39.7069095,-75.0347362,42.243,-0.38,0.73,0.15,3.162,3.827,0.50,116.34774,37.90731,3,7
2016-08-06T18:58:32.00Z,39.7069079,-75.0347337,42.399,-0.54,0.59,0.31,3.114,3.763,0.51,124.59387,37.41868,3,7
2016-08-06T18:58:32.20Z,39.7069051,-75.0347309,42.736,-0.42,0.48,0.67,3.023,3.627,0.43,124.59387,37.42090,3,7
2016-08-06T18:58:32.40Z,39.7069042,-75.0347299,42.732,-0.51,0.25,0.13,3.002,3.593,0.62,124.59387,37.42239,3,7
2016-08-06T18:58:32.60Z,39.7069026,-75.0347291,42.827,-0.69,0.24,0.34,2.987,3.561,0.64,124.59387,37.42433,3,7
2016-08-06T18:58:32.80Z,39.7069012,-75.0347284,42.923,-0.25,-0.02,0.14,2.975,3.533,0.66,124.59387,37.42592,3,7
2016-08-06T18:58:33.00Z,39.7069003,-75.0347280,43.003,-0.29,0.04,0.36,2.966,3.509,0.59,124.59387,37.42735,3,7
2016-08-06T18:58:33.20Z,39.7069001,-75.0347277,42.982,-0.06,0.13,0.32,2.964,3.494,0.61,124.59387,37.42882,3,7
2016-08-06T18:58:33.40Z,39.7069002,-75.0347277,42.961,0.09,-0.06,0.15,2.964,3.481,0.68,124.59387,37.43046,3,7
2016-08-06T18:58:33.60Z,39.7069008,-75.0347278,42.983,0.09,-0.01,0.16,2.966,3.470,0.71,124.59387,37.43217,3,7
